[{"model": "admin.logentry", "pk": 1, "fields": {"action_time": "2024-06-27T04:07:32.535Z", "user": 1, "content_type": 14, "object_id": "1", "object_repr": "Member object (1)", "action_flag": 3, "change_message": ""}}, {"model": "admin.logentry", "pk": 2, "fields": {"action_time": "2024-06-27T04:09:23.460Z", "user": 1, "content_type": 14, "object_id": "2", "object_repr": "Member object (2)", "action_flag": 1, "change_message": "[{\"added\": {}}]"}}, {"model": "admin.logentry", "pk": 3, "fields": {"action_time": "2024-06-27T04:09:30.983Z", "user": 1, "content_type": 14, "object_id": "2", "object_repr": "Member object (2)", "action_flag": 3, "change_message": ""}}, {"model": "admin.logentry", "pk": 4, "fields": {"action_time": "2024-06-27T04:10:20.428Z", "user": 1, "content_type": 13, "object_id": "1", "object_repr": "Book object (1)", "action_flag": 1, "change_message": "[{\"added\": {}}]"}}, {"model": "admin.logentry", "pk": 5, "fields": {"action_time": "2024-06-27T04:10:39.383Z", "user": 1, "content_type": 13, "object_id": "1", "object_repr": "Book object (1)", "action_flag": 3, "change_message": ""}}, {"model": "admin.logentry", "pk": 6, "fields": {"action_time": "2024-06-27T04:11:09.706Z", "user": 1, "content_type": 13, "object_id": "2", "object_repr": "Book object (2)", "action_flag": 1, "change_message": "[{\"added\": {}}]"}}, {"model": "admin.logentry", "pk": 7, "fields": {"action_time": "2024-06-27T04:12:32.630Z", "user": 1, "content_type": 13, "object_id": "2", "object_repr": "Book object (2)", "action_flag": 3, "change_message": ""}}, {"model": "admin.logentry", "pk": 8, "fields": {"action_time": "2024-06-27T06:00:12.137Z", "user": 1, "content_type": 16, "object_id": "1", "object_repr": "makitan13 logged in at 2024-06-27 05:58:23.613634+00:00", "action_flag": 1, "change_message": "[{\"added\": {}}]"}}, {"model": "admin.logentry", "pk": 9, "fields": {"action_time": "2024-06-27T06:02:28.806Z", "user": 1, "content_type": 16, "object_id": "1", "object_repr": "makitan13 logged in at 2024-06-27 05:58:23.613634+00:00", "action_flag": 3, "change_message": ""}}, {"model": "admin.logentry", "pk": 10, "fields": {"action_time": "2024-06-27T06:10:19.683Z", "user": 1, "content_type": 16, "object_id": "2", "object_repr": "makitan13 logged in at 2024-06-27 05:58:23.613634+00:00", "action_flag": 1, "change_message": "[{\"added\": {}}]"}}, {"model": "admin.logentry", "pk": 11, "fields": {"action_time": "2024-06-27T06:10:29.254Z", "user": 1, "content_type": 16, "object_id": "2", "object_repr": "makitan13 logged in at 2024-06-27 05:58:23.613634+00:00", "action_flag": 2, "change_message": "[]"}}, {"model": "admin.logentry", "pk": 12, "fields": {"action_time": "2024-06-27T06:10:41.478Z", "user": 1, "content_type": 16, "object_id": "2", "object_repr": "makitan13 logged in at 2024-06-27 05:58:23.613634+00:00", "action_flag": 3, "change_message": ""}}, {"model": "admin.logentry", "pk": 13, "fields": {"action_time": "2024-06-27T06:10:46.135Z", "user": 1, "content_type": 16, "object_id": "3", "object_repr": "makitan13 logged in at 2024-06-27 05:58:23.613634+00:00", "action_flag": 1, "change_message": "[{\"added\": {}}]"}}, {"model": "admin.logentry", "pk": 14, "fields": {"action_time": "2024-06-27T06:10:50.185Z", "user": 1, "content_type": 16, "object_id": "4", "object_repr": "makitan13 logged in at 2024-06-27 05:58:23.613634+00:00", "action_flag": 1, "change_message": "[{\"added\": {}}]"}}, {"model": "admin.logentry", "pk": 15, "fields": {"action_time": "2024-06-27T06:10:56.439Z", "user": 1, "content_type": 16, "object_id": "3", "object_repr": "makitan13 logged in at 2024-06-27 05:58:23.613634+00:00", "action_flag": 3, "change_message": ""}}, {"model": "admin.logentry", "pk": 16, "fields": {"action_time": "2024-06-27T06:10:58.568Z", "user": 1, "content_type": 16, "object_id": "4", "object_repr": "makitan13 logged in at 2024-06-27 05:58:23.613634+00:00", "action_flag": 3, "change_message": ""}}, {"model": "admin.logentry", "pk": 17, "fields": {"action_time": "2024-06-28T06:17:10.102Z", "user": 1, "content_type": 13, "object_id": "2", "object_repr": "Serigala Jawa", "action_flag": 3, "change_message": ""}}, {"model": "admin.logentry", "pk": 18, "fields": {"action_time": "2024-06-28T06:17:14.354Z", "user": 1, "content_type": 13, "object_id": "1", "object_repr": "Raja Ampat", "action_flag": 3, "change_message": ""}}, {"model": "admin.logentry", "pk": 19, "fields": {"action_time": "2024-06-28T06:28:50.171Z", "user": 1, "content_type": 13, "object_id": "3", "object_repr": "GASSS", "action_flag": 3, "change_message": ""}}, {"model": "admin.logentry", "pk": 20, "fields": {"action_time": "2024-06-28T06:45:41.098Z", "user": 1, "content_type": 13, "object_id": "4", "object_repr": "awdasd", "action_flag": 3, "change_message": ""}}, {"model": "admin.logentry", "pk": 21, "fields": {"action_time": "2024-06-28T07:36:59.176Z", "user": 1, "content_type": 13, "object_id": "6", "object_repr": "awdasd", "action_flag": 3, "change_message": ""}}, {"model": "admin.logentry", "pk": 22, "fields": {"action_time": "2024-06-28T07:37:02.961Z", "user": 1, "content_type": 13, "object_id": "5", "object_repr": "awdasd", "action_flag": 3, "change_message": ""}}, {"model": "admin.logentry", "pk": 23, "fields": {"action_time": "2024-06-28T08:11:58.183Z", "user": 1, "content_type": 13, "object_id": "9", "object_repr": "ADwad", "action_flag": 3, "change_message": ""}}, {"model": "admin.logentry", "pk": 24, "fields": {"action_time": "2024-06-28T08:58:26.691Z", "user": 1, "content_type": 10, "object_id": "1", "object_repr": "makitan13", "action_flag": 3, "change_message": ""}}, {"model": "admin.logentry", "pk": 25, "fields": {"action_time": "2024-06-28T10:37:51.704Z", "user": 1, "content_type": 10, "object_id": "1", "object_repr": "makitan13", "action_flag": 3, "change_message": ""}}, {"model": "admin.logentry", "pk": 26, "fields": {"action_time": "2024-06-28T10:38:54.273Z", "user": 1, "content_type": 10, "object_id": "2", "object_repr": "4311801011", "action_flag": 3, "change_message": ""}}, {"model": "admin.logentry", "pk": 27, "fields": {"action_time": "2024-06-28T10:39:34.830Z", "user": 1, "content_type": 10, "object_id": "3", "object_repr": "4311801011", "action_flag": 3, "change_message": ""}}, {"model": "admin.logentry", "pk": 28, "fields": {"action_time": "2024-06-28T10:39:53.674Z", "user": 1, "content_type": 10, "object_id": "4", "object_repr": "4311801011", "action_flag": 3, "change_message": ""}}, {"model": "admin.logentry", "pk": 29, "fields": {"action_time": "2024-07-01T02:40:06.810Z", "user": 1, "content_type": 10, "object_id": "5", "object_repr": "4311801011", "action_flag": 3, "change_message": ""}}, {"model": "admin.logentry", "pk": 30, "fields": {"action_time": "2024-07-01T04:06:29.570Z", "user": 1, "content_type": 10, "object_id": "6", "object_repr": "makitan13", "action_flag": 3, "change_message": ""}}, {"model": "admin.logentry", "pk": 31, "fields": {"action_time": "2024-07-01T04:17:39.348Z", "user": 1, "content_type": 10, "object_id": "7", "object_repr": "makitan13", "action_flag": 1, "change_message": "[{\"added\": {}}]"}}, {"model": "admin.logentry", "pk": 32, "fields": {"action_time": "2024-07-01T04:17:44.126Z", "user": 1, "content_type": 10, "object_id": "7", "object_repr": "makitan13", "action_flag": 3, "change_message": ""}}, {"model": "admin.logentry", "pk": 33, "fields": {"action_time": "2024-07-01T04:33:24.183Z", "user": 1, "content_type": 10, "object_id": "8", "object_repr": "makitan13", "action_flag": 2, "change_message": "[{\"changed\": {\"fields\": [\"Password2\"]}}]"}}, {"model": "admin.logentry", "pk": 34, "fields": {"action_time": "2024-07-01T06:04:06.388Z", "user": 1, "content_type": 10, "object_id": "8", "object_repr": "makitan13", "action_flag": 2, "change_message": "[]"}}, {"model": "admin.logentry", "pk": 35, "fields": {"action_time": "2024-07-01T06:07:49.337Z", "user": 1, "content_type": 10, "object_id": "9", "object_repr": "4311801011", "action_flag": 3, "change_message": ""}}, {"model": "admin.logentry", "pk": 36, "fields": {"action_time": "2024-07-01T06:07:54.974Z", "user": 1, "content_type": 10, "object_id": "8", "object_repr": "makitan13", "action_flag": 3, "change_message": ""}}, {"model": "admin.logentry", "pk": 37, "fields": {"action_time": "2024-07-01T06:10:50.104Z", "user": 1, "content_type": 10, "object_id": "10", "object_repr": "solidysnake2", "action_flag": 3, "change_message": ""}}, {"model": "admin.logentry", "pk": 38, "fields": {"action_time": "2024-07-01T06:31:52.826Z", "user": 1, "content_type": 16, "object_id": "1", "object_repr": "makitan13 logged in at 2024-07-01 06:31:52.824284+00:00", "action_flag": 1, "change_message": "[{\"added\": {}}]"}}, {"model": "admin.logentry", "pk": 39, "fields": {"action_time": "2024-07-01T06:33:29.072Z", "user": 1, "content_type": 16, "object_id": "2", "object_repr": "makitan13 logged in at 2024-07-01 06:33:29.067548+00:00", "action_flag": 1, "change_message": "[{\"added\": {}}]"}}, {"model": "admin.logentry", "pk": 40, "fields": {"action_time": "2024-07-01T06:33:34.907Z", "user": 1, "content_type": 16, "object_id": "2", "object_repr": "makitan13 logged in at 2024-07-01 06:33:29.067548+00:00", "action_flag": 3, "change_message": ""}}, {"model": "admin.logentry", "pk": 41, "fields": {"action_time": "2024-07-01T06:33:38.474Z", "user": 1, "content_type": 16, "object_id": "1", "object_repr": "makitan13 logged in at 2024-07-01 06:31:52.824284+00:00", "action_flag": 3, "change_message": ""}}, {"model": "admin.logentry", "pk": 42, "fields": {"action_time": "2024-07-01T06:35:40.272Z", "user": 1, "content_type": 16, "object_id": "3", "object_repr": "makitan13 logged in at 2024-07-01 06:35:40.269159+00:00", "action_flag": 1, "change_message": "[{\"added\": {}}]"}}, {"model": "admin.logentry", "pk": 43, "fields": {"action_time": "2024-07-01T06:36:34.939Z", "user": 1, "content_type": 16, "object_id": "3", "object_repr": "makitan13 logged in at 2024-07-01 06:35:40.269159+00:00", "action_flag": 2, "change_message": "[]"}}, {"model": "admin.logentry", "pk": 44, "fields": {"action_time": "2024-07-01T06:36:41.350Z", "user": 1, "content_type": 16, "object_id": "3", "object_repr": "makitan13 logged in at 2024-07-01 06:35:40.269159+00:00", "action_flag": 3, "change_message": ""}}, {"model": "admin.logentry", "pk": 45, "fields": {"action_time": "2024-07-03T10:51:33.622Z", "user": 1, "content_type": 10, "object_id": "1", "object_repr": "Jo Fin", "action_flag": 2, "change_message": "[{\"changed\": {\"fields\": [\"First name\", \"Last name\"]}}]"}}, {"model": "admin.logentry", "pk": 46, "fields": {"action_time": "2024-07-04T08:44:56.979Z", "user": 1, "content_type": 10, "object_id": "3", "object_repr": "mas mis", "action_flag": 3, "change_message": ""}}, {"model": "admin.logentry", "pk": 47, "fields": {"action_time": "2024-07-04T08:45:01.557Z", "user": 1, "content_type": 10, "object_id": "2", "object_repr": "Michael Jones", "action_flag": 3, "change_message": ""}}, {"model": "admin.logentry", "pk": 48, "fields": {"action_time": "2024-07-04T08:46:05.023Z", "user": 1, "content_type": 10, "object_id": "1", "object_repr": "makitan13", "action_flag": 2, "change_message": "[]"}}, {"model": "admin.logentry", "pk": 49, "fields": {"action_time": "2024-07-04T09:56:45.003Z", "user": 1, "content_type": 10, "object_id": "4", "object_repr": "solidysnake2", "action_flag": 2, "change_message": "[{\"changed\": {\"fields\": [\"Last name\"]}}]"}}, {"model": "auth.permission", "pk": 1, "fields": {"name": "Can add log entry", "content_type": 1, "codename": "add_logentry"}}, {"model": "auth.permission", "pk": 2, "fields": {"name": "Can change log entry", "content_type": 1, "codename": "change_logentry"}}, {"model": "auth.permission", "pk": 3, "fields": {"name": "Can delete log entry", "content_type": 1, "codename": "delete_logentry"}}, {"model": "auth.permission", "pk": 4, "fields": {"name": "Can view log entry", "content_type": 1, "codename": "view_logentry"}}, {"model": "auth.permission", "pk": 5, "fields": {"name": "Can add permission", "content_type": 2, "codename": "add_permission"}}, {"model": "auth.permission", "pk": 6, "fields": {"name": "Can change permission", "content_type": 2, "codename": "change_permission"}}, {"model": "auth.permission", "pk": 7, "fields": {"name": "Can delete permission", "content_type": 2, "codename": "delete_permission"}}, {"model": "auth.permission", "pk": 8, "fields": {"name": "Can view permission", "content_type": 2, "codename": "view_permission"}}, {"model": "auth.permission", "pk": 9, "fields": {"name": "Can add group", "content_type": 3, "codename": "add_group"}}, {"model": "auth.permission", "pk": 10, "fields": {"name": "Can change group", "content_type": 3, "codename": "change_group"}}, {"model": "auth.permission", "pk": 11, "fields": {"name": "Can delete group", "content_type": 3, "codename": "delete_group"}}, {"model": "auth.permission", "pk": 12, "fields": {"name": "Can view group", "content_type": 3, "codename": "view_group"}}, {"model": "auth.permission", "pk": 13, "fields": {"name": "Can add user", "content_type": 4, "codename": "add_user"}}, {"model": "auth.permission", "pk": 14, "fields": {"name": "Can change user", "content_type": 4, "codename": "change_user"}}, {"model": "auth.permission", "pk": 15, "fields": {"name": "Can delete user", "content_type": 4, "codename": "delete_user"}}, {"model": "auth.permission", "pk": 16, "fields": {"name": "Can view user", "content_type": 4, "codename": "view_user"}}, {"model": "auth.permission", "pk": 17, "fields": {"name": "Can add content type", "content_type": 5, "codename": "add_contenttype"}}, {"model": "auth.permission", "pk": 18, "fields": {"name": "Can change content type", "content_type": 5, "codename": "change_contenttype"}}, {"model": "auth.permission", "pk": 19, "fields": {"name": "Can delete content type", "content_type": 5, "codename": "delete_contenttype"}}, {"model": "auth.permission", "pk": 20, "fields": {"name": "Can view content type", "content_type": 5, "codename": "view_contenttype"}}, {"model": "auth.permission", "pk": 21, "fields": {"name": "Can add session", "content_type": 6, "codename": "add_session"}}, {"model": "auth.permission", "pk": 22, "fields": {"name": "Can change session", "content_type": 6, "codename": "change_session"}}, {"model": "auth.permission", "pk": 23, "fields": {"name": "Can delete session", "content_type": 6, "codename": "delete_session"}}, {"model": "auth.permission", "pk": 24, "fields": {"name": "Can view session", "content_type": 6, "codename": "view_session"}}, {"model": "auth.permission", "pk": 25, "fields": {"name": "Can add book", "content_type": 7, "codename": "add_book"}}, {"model": "auth.permission", "pk": 26, "fields": {"name": "Can change book", "content_type": 7, "codename": "change_book"}}, {"model": "auth.permission", "pk": 27, "fields": {"name": "Can delete book", "content_type": 7, "codename": "delete_book"}}, {"model": "auth.permission", "pk": 28, "fields": {"name": "Can view book", "content_type": 7, "codename": "view_book"}}, {"model": "auth.permission", "pk": 29, "fields": {"name": "Can add member", "content_type": 8, "codename": "add_member"}}, {"model": "auth.permission", "pk": 30, "fields": {"name": "Can change member", "content_type": 8, "codename": "change_member"}}, {"model": "auth.permission", "pk": 31, "fields": {"name": "Can delete member", "content_type": 8, "codename": "delete_member"}}, {"model": "auth.permission", "pk": 32, "fields": {"name": "Can view member", "content_type": 8, "codename": "view_member"}}, {"model": "auth.permission", "pk": 33, "fields": {"name": "Can add book loan", "content_type": 9, "codename": "add_bookloan"}}, {"model": "auth.permission", "pk": 34, "fields": {"name": "Can change book loan", "content_type": 9, "codename": "change_bookloan"}}, {"model": "auth.permission", "pk": 35, "fields": {"name": "Can delete book loan", "content_type": 9, "codename": "delete_bookloan"}}, {"model": "auth.permission", "pk": 36, "fields": {"name": "Can view book loan", "content_type": 9, "codename": "view_bookloan"}}, {"model": "auth.permission", "pk": 37, "fields": {"name": "Can add librarian", "content_type": 10, "codename": "add_librarian"}}, {"model": "auth.permission", "pk": 38, "fields": {"name": "Can change librarian", "content_type": 10, "codename": "change_librarian"}}, {"model": "auth.permission", "pk": 39, "fields": {"name": "Can delete librarian", "content_type": 10, "codename": "delete_librarian"}}, {"model": "auth.permission", "pk": 40, "fields": {"name": "Can view librarian", "content_type": 10, "codename": "view_librarian"}}, {"model": "auth.permission", "pk": 41, "fields": {"name": "Can add book load_ transaction", "content_type": 11, "codename": "add_bookload_transaction"}}, {"model": "auth.permission", "pk": 42, "fields": {"name": "Can change book load_ transaction", "content_type": 11, "codename": "change_bookload_transaction"}}, {"model": "auth.permission", "pk": 43, "fields": {"name": "Can delete book load_ transaction", "content_type": 11, "codename": "delete_bookload_transaction"}}, {"model": "auth.permission", "pk": 44, "fields": {"name": "Can view book load_ transaction", "content_type": 11, "codename": "view_bookload_transaction"}}, {"model": "auth.permission", "pk": 45, "fields": {"name": "Can add librarian_ login_ history", "content_type": 12, "codename": "add_librarian_login_history"}}, {"model": "auth.permission", "pk": 46, "fields": {"name": "Can change librarian_ login_ history", "content_type": 12, "codename": "change_librarian_login_history"}}, {"model": "auth.permission", "pk": 47, "fields": {"name": "Can delete librarian_ login_ history", "content_type": 12, "codename": "delete_librarian_login_history"}}, {"model": "auth.permission", "pk": 48, "fields": {"name": "Can view librarian_ login_ history", "content_type": 12, "codename": "view_librarian_login_history"}}, {"model": "auth.permission", "pk": 49, "fields": {"name": "Can add book", "content_type": 13, "codename": "add_book"}}, {"model": "auth.permission", "pk": 50, "fields": {"name": "Can change book", "content_type": 13, "codename": "change_book"}}, {"model": "auth.permission", "pk": 51, "fields": {"name": "Can delete book", "content_type": 13, "codename": "delete_book"}}, {"model": "auth.permission", "pk": 52, "fields": {"name": "Can view book", "content_type": 13, "codename": "view_book"}}, {"model": "auth.permission", "pk": 53, "fields": {"name": "Can add member", "content_type": 14, "codename": "add_member"}}, {"model": "auth.permission", "pk": 54, "fields": {"name": "Can change member", "content_type": 14, "codename": "change_member"}}, {"model": "auth.permission", "pk": 55, "fields": {"name": "Can delete member", "content_type": 14, "codename": "delete_member"}}, {"model": "auth.permission", "pk": 56, "fields": {"name": "Can view member", "content_type": 14, "codename": "view_member"}}, {"model": "auth.permission", "pk": 57, "fields": {"name": "Can add book loan", "content_type": 15, "codename": "add_bookloan"}}, {"model": "auth.permission", "pk": 58, "fields": {"name": "Can change book loan", "content_type": 15, "codename": "change_bookloan"}}, {"model": "auth.permission", "pk": 59, "fields": {"name": "Can delete book loan", "content_type": 15, "codename": "delete_bookloan"}}, {"model": "auth.permission", "pk": 60, "fields": {"name": "Can view book loan", "content_type": 15, "codename": "view_bookloan"}}, {"model": "auth.permission", "pk": 61, "fields": {"name": "Can add login history", "content_type": 16, "codename": "add_loginhistory"}}, {"model": "auth.permission", "pk": 62, "fields": {"name": "Can change login history", "content_type": 16, "codename": "change_loginhistory"}}, {"model": "auth.permission", "pk": 63, "fields": {"name": "Can delete login history", "content_type": 16, "codename": "delete_loginhistory"}}, {"model": "auth.permission", "pk": 64, "fields": {"name": "Can view login history", "content_type": 16, "codename": "view_loginhistory"}}, {"model": "auth.user", "pk": 1, "fields": {"password": "pbkdf2_sha256$720000$H0ezYzvTqw6VZD6F4Ux8j2$43G0RyCXetmSTZjlblkHlZzqieFwAW4eqncAXHm1Iv0=", "last_login": "2024-07-04T09:56:35.236Z", "is_superuser": true, "username": "admin", "first_name": "", "last_name": "", "email": "mandalarelix3@gmail.com", "is_staff": true, "is_active": true, "date_joined": "2024-06-26T06:05:29.816Z", "groups": [], "user_permissions": []}}, {"model": "contenttypes.contenttype", "pk": 1, "fields": {"app_label": "admin", "model": "logentry"}}, {"model": "contenttypes.contenttype", "pk": 2, "fields": {"app_label": "auth", "model": "permission"}}, {"model": "contenttypes.contenttype", "pk": 3, "fields": {"app_label": "auth", "model": "group"}}, {"model": "contenttypes.contenttype", "pk": 4, "fields": {"app_label": "auth", "model": "user"}}, {"model": "contenttypes.contenttype", "pk": 5, "fields": {"app_label": "contenttypes", "model": "contenttype"}}, {"model": "contenttypes.contenttype", "pk": 6, "fields": {"app_label": "sessions", "model": "session"}}, {"model": "contenttypes.contenttype", "pk": 7, "fields": {"app_label": "librarian", "model": "book"}}, {"model": "contenttypes.contenttype", "pk": 8, "fields": {"app_label": "librarian", "model": "member"}}, {"model": "contenttypes.contenttype", "pk": 9, "fields": {"app_label": "librarian", "model": "bookloan"}}, {"model": "contenttypes.contenttype", "pk": 10, "fields": {"app_label": "librarian", "model": "librarian"}}, {"model": "contenttypes.contenttype", "pk": 11, "fields": {"app_label": "librarian", "model": "bookload_transaction"}}, {"model": "contenttypes.contenttype", "pk": 12, "fields": {"app_label": "librarian", "model": "librarian_login_history"}}, {"model": "contenttypes.contenttype", "pk": 13, "fields": {"app_label": "book", "model": "book"}}, {"model": "contenttypes.contenttype", "pk": 14, "fields": {"app_label": "member", "model": "member"}}, {"model": "contenttypes.contenttype", "pk": 15, "fields": {"app_label": "bookloan", "model": "bookloan"}}, {"model": "contenttypes.contenttype", "pk": 16, "fields": {"app_label": "librarian", "model": "loginhistory"}}, {"model": "sessions.session", "pk": "56k6fs8o3fxzdu0k3rr68l4j5fbhxnmu", "fields": {"session_data": "e30:1sPJfq:kkGz0JzItVF9l5GFrqVe3c0L4zkJu9EJWCYi9S460rY", "expire_date": "2024-07-18T10:26:46.995Z"}}, {"model": "sessions.session", "pk": "5d2yg6dcuhn2jbd6jhessb049ym67lb3", "fields": {"session_data": "e30:1sOx69:vuxryom4v0QHBNukaKPy7UmUXaeadr0qI8N3hnP8T6k", "expire_date": "2024-07-17T10:20:25.721Z"}}, {"model": "sessions.session", "pk": "72do0sltrutb2jld4al820xc0g2phj2s", "fields": {"session_data": "e30:1sOxG1:5RVkSDAzemh6hKdAW018Zv0PzklWiBrWT16mrs3CI8g", "expire_date": "2024-07-17T10:30:37.066Z"}}, {"model": "sessions.session", "pk": "dfu7g53fvzp3jp672yadwpbb6okica9f", "fields": {"session_data": "e30:1sPFz1:a6WzUbyN5oHPo4KttsifMTgE9iQ1PBF0bwFKocAT0QM", "expire_date": "2024-07-18T06:30:19.206Z"}}, {"model": "sessions.session", "pk": "fm0wl6m76by6r5c5ppnaqtxwrpbywpx2", "fields": {"session_data": "e30:1sOx5O:8M3_XkHjxZg7s1TwfQd4ISveJ-2BBTABYQTDnVu34Fw", "expire_date": "2024-07-17T10:19:38.985Z"}}, {"model": "sessions.session", "pk": "j4to2s2vply1pbi33t0jtm5yp7crgtus", "fields": {"session_data": "e30:1sPFyW:7KRpFAvllaMsgyLRyhLHZjTTYQeET1m3m7AngSHYJi0", "expire_date": "2024-07-18T06:29:48.352Z"}}, {"model": "sessions.session", "pk": "nfid27tkgelh7d8vgoro6jteh76tzjae", "fields": {"session_data": "e30:1sPJgD:OhX5qKK3WaiZQDcGQLf-U21Rp9WP7NDlcCvxOB8QlWk", "expire_date": "2024-07-18T10:27:09.466Z"}}, {"model": "sessions.session", "pk": "op4911opol2p0tp69m7r68j1z65dh656", "fields": {"session_data": "e30:1sOxH8:FfuRDYv8lWJLGKQY_f-Le2zTze3wEa02fyouCwqK0WM", "expire_date": "2024-07-17T10:31:46.937Z"}}, {"model": "sessions.session", "pk": "qt5rpwmgdf8bgr2gaqfkl86izhowtj80", "fields": {"session_data": "e30:1sPFxI:lwABjMAxzWQ8D4bMf_GiqGUlBvVRMuxWJ71O2S1Ne7k", "expire_date": "2024-07-18T06:28:32.707Z"}}, {"model": "sessions.session", "pk": "rhbbd6h1eniq0b9dxgb7yvhcewzbsago", "fields": {"session_data": "e30:1sPJgn:-Hv0LCHjF1s69b6-YgRBXnK0s2E6QIHq02PI8BRgfhY", "expire_date": "2024-07-18T10:27:45.754Z"}}, {"model": "sessions.session", "pk": "ve62zohqa2804ub4y3wa5vu1pezh0y15", "fields": {"session_data": "e30:1sPFv8:Q8UJG1dVhYFxVOH48NfUvK7WIdsb2KOOqdM6T_0qZ4I", "expire_date": "2024-07-18T06:26:18.532Z"}}, {"model": "sessions.session", "pk": "xwwphvaqqwrkjv8hsgh6jrxaj2s0x3jq", "fields": {"session_data": "e30:1sPfvX:yHcUafs6-YOKXbM8RTLVJL6hTJW8DpSVW1ys-dRkROg", "expire_date": "2024-07-19T10:12:27.353Z"}}, {"model": "book.book", "pk": 13, "fields": {"title": "Sang Paduka Quantum", "author": "Angjas Setia", "isbn": "1239010", "published_date": "2024-05-28"}}, {"model": "book.book", "pk": 14, "fields": {"title": "Anak Ajaib", "author": "Bolang", "isbn": "993841772893321", "published_date": "2024-01-17"}}, {"model": "book.book", "pk": 15, "fields": {"title": "Imajinasi Si Kecil", "author": "Anjasasa", "isbn": "123124234143512", "published_date": "2024-02-27"}}, {"model": "book.book", "pk": 16, "fields": {"title": "Perjuangan Para Oknum", "author": "King Gwem", "isbn": "3234324234", "published_date": "2024-07-19"}}, {"model": "book.book", "pk": 17, "fields": {"title": "Panduan untuk Menjadi Lebih Baik", "author": "Sankarea", "isbn": "43645764568", "published_date": "2024-07-12"}}, {"model": "book.book", "pk": 18, "fields": {"title": "1001 Cara untuk Menikmati Hidup", "author": "Michelle Sendian", "isbn": "324234", "published_date": "2024-07-04"}}, {"model": "book.book", "pk": 19, "fields": {"title": "Kimi no Koe wa Urusai", "author": "Tagauchi Sakamoto", "isbn": "129404928290482", "published_date": "2009-08-23"}}, {"model": "member.member", "pk": 5, "fields": {"full_name": "Adit Setyawan", "email": "aditset@gmail.com", "phone_number": "0878023372167"}}, {"model": "member.member", "pk": 6, "fields": {"full_name": "Irfan Gunaran", "email": "irfset@yagoo.com", "phone_number": "087663615526"}}, {"model": "member.member", "pk": 7, "fields": {"full_name": "Agus Hongeria", "email": "AGSW@gmail.com", "phone_number": "089930291884"}}, {"model": "member.member", "pk": 8, "fields": {"full_name": "Toriq Goe", "email": "Toriq.Goe@aol.co.id", "phone_number": "087637288372"}}, {"model": "member.member", "pk": 9, "fields": {"full_name": "Maria Onzen", "email": "maria3332@gmail.com", "phone_number": "098765283911"}}, {"model": "bookloan.bookloan", "pk": 3, "fields": {"book": 13, "member": 6, "librarian": 4, "loan_date": "2024-06-01", "due_date": "2024-06-30", "return_date": null}}, {"model": "bookloan.bookloan", "pk": 4, "fields": {"book": 15, "member": 5, "librarian": 1, "loan_date": "2024-07-02", "due_date": "2024-07-06", "return_date": null}}, {"model": "bookloan.bookloan", "pk": 5, "fields": {"book": 16, "member": 5, "librarian": 4, "loan_date": "2024-07-05", "due_date": "2024-07-19", "return_date": null}}, {"model": "bookloan.bookloan", "pk": 6, "fields": {"book": 18, "member": 8, "librarian": 4, "loan_date": "2024-07-01", "due_date": "2024-07-03", "return_date": null}}, {"model": "bookloan.bookloan", "pk": 7, "fields": {"book": 19, "member": 9, "librarian": 4, "loan_date": "2024-07-05", "due_date": "2024-07-09", "return_date": null}}, {"model": "librarian.librarian", "pk": 1, "fields": {"first_name": "Michael", "last_name": "Jones", "username": "makitan13", "email": "mandalarelix3@gmail.com", "password": "memecomic1"}}, {"model": "librarian.librarian", "pk": 4, "fields": {"first_name": "Jo", "last_name": "Fine", "username": "solidysnake2", "email": "mandalarelix43@gmail.com", "password": "memecomic1"}}, {"model": "librarian.librarian", "pk": 6, "fields": {"first_name": "Sebastian", "last_name": "Mike", "username": "solidysnake1", "email": "sebastianSet@gmail.com", "password": "imiwakanai"}}, {"model": "librarian.loginhistory", "pk": 4, "fields": {"librarian": 1, "date_login": "2024-07-01T07:28:53.667Z"}}, {"model": "librarian.loginhistory", "pk": 5, "fields": {"librarian": 1, "date_login": "2024-07-02T03:39:09.934Z"}}, {"model": "librarian.loginhistory", "pk": 6, "fields": {"librarian": 1, "date_login": "2024-07-02T03:58:16.097Z"}}, {"model": "librarian.loginhistory", "pk": 7, "fields": {"librarian": 1, "date_login": "2024-07-02T10:27:37.810Z"}}, {"model": "librarian.loginhistory", "pk": 8, "fields": {"librarian": 1, "date_login": "2024-07-03T08:43:53.430Z"}}, {"model": "librarian.loginhistory", "pk": 9, "fields": {"librarian": 1, "date_login": "2024-07-03T10:32:20.278Z"}}, {"model": "librarian.loginhistory", "pk": 10, "fields": {"librarian": 1, "date_login": "2024-07-03T10:50:19.329Z"}}, {"model": "librarian.loginhistory", "pk": 12, "fields": {"librarian": 1, "date_login": "2024-07-03T10:56:08.471Z"}}, {"model": "librarian.loginhistory", "pk": 13, "fields": {"librarian": 1, "date_login": "2024-07-04T02:44:51.301Z"}}, {"model": "librarian.loginhistory", "pk": 14, "fields": {"librarian": 1, "date_login": "2024-07-04T06:23:15.436Z"}}, {"model": "librarian.loginhistory", "pk": 15, "fields": {"librarian": 1, "date_login": "2024-07-04T06:25:44.205Z"}}, {"model": "librarian.loginhistory", "pk": 16, "fields": {"librarian": 1, "date_login": "2024-07-04T07:47:12.254Z"}}, {"model": "librarian.loginhistory", "pk": 17, "fields": {"librarian": 1, "date_login": "2024-07-04T08:10:08.669Z"}}, {"model": "librarian.loginhistory", "pk": 18, "fields": {"librarian": 1, "date_login": "2024-07-04T08:35:00.023Z"}}, {"model": "librarian.loginhistory", "pk": 19, "fields": {"librarian": 1, "date_login": "2024-07-04T08:35:44.983Z"}}, {"model": "librarian.loginhistory", "pk": 20, "fields": {"librarian": 1, "date_login": "2024-07-04T08:36:25.649Z"}}, {"model": "librarian.loginhistory", "pk": 21, "fields": {"librarian": 1, "date_login": "2024-07-04T08:41:37.769Z"}}, {"model": "librarian.loginhistory", "pk": 23, "fields": {"librarian": 1, "date_login": "2024-07-04T08:42:19.721Z"}}, {"model": "librarian.loginhistory", "pk": 24, "fields": {"librarian": 1, "date_login": "2024-07-04T08:42:42.752Z"}}, {"model": "librarian.loginhistory", "pk": 25, "fields": {"librarian": 1, "date_login": "2024-07-04T08:43:52.716Z"}}, {"model": "librarian.loginhistory", "pk": 26, "fields": {"librarian": 1, "date_login": "2024-07-04T08:44:21.594Z"}}, {"model": "librarian.loginhistory", "pk": 27, "fields": {"librarian": 4, "date_login": "2024-07-04T08:46:26.952Z"}}, {"model": "librarian.loginhistory", "pk": 28, "fields": {"librarian": 4, "date_login": "2024-07-04T08:48:51.664Z"}}, {"model": "librarian.loginhistory", "pk": 29, "fields": {"librarian": 1, "date_login": "2024-07-04T08:49:08.726Z"}}, {"model": "librarian.loginhistory", "pk": 30, "fields": {"librarian": 1, "date_login": "2024-07-04T08:49:50.702Z"}}, {"model": "librarian.loginhistory", "pk": 31, "fields": {"librarian": 4, "date_login": "2024-07-04T08:50:02.422Z"}}, {"model": "librarian.loginhistory", "pk": 32, "fields": {"librarian": 1, "date_login": "2024-07-04T08:50:22.202Z"}}, {"model": "librarian.loginhistory", "pk": 33, "fields": {"librarian": 4, "date_login": "2024-07-04T08:51:30.810Z"}}, {"model": "librarian.loginhistory", "pk": 34, "fields": {"librarian": 1, "date_login": "2024-07-04T08:52:13.503Z"}}, {"model": "librarian.loginhistory", "pk": 35, "fields": {"librarian": 1, "date_login": "2024-07-04T08:53:13.329Z"}}, {"model": "librarian.loginhistory", "pk": 36, "fields": {"librarian": 4, "date_login": "2024-07-04T08:53:33.570Z"}}, {"model": "librarian.loginhistory", "pk": 37, "fields": {"librarian": 1, "date_login": "2024-07-04T08:54:10.893Z"}}, {"model": "librarian.loginhistory", "pk": 38, "fields": {"librarian": 1, "date_login": "2024-07-04T08:54:19.084Z"}}, {"model": "librarian.loginhistory", "pk": 39, "fields": {"librarian": 1, "date_login": "2024-07-04T08:57:02.728Z"}}, {"model": "librarian.loginhistory", "pk": 40, "fields": {"librarian": 4, "date_login": "2024-07-04T08:57:23.112Z"}}, {"model": "librarian.loginhistory", "pk": 41, "fields": {"librarian": 1, "date_login": "2024-07-04T09:02:17.374Z"}}, {"model": "librarian.loginhistory", "pk": 42, "fields": {"librarian": 1, "date_login": "2024-07-04T09:23:04.886Z"}}, {"model": "librarian.loginhistory", "pk": 43, "fields": {"librarian": 4, "date_login": "2024-07-04T09:23:16.457Z"}}, {"model": "librarian.loginhistory", "pk": 44, "fields": {"librarian": 1, "date_login": "2024-07-04T09:24:37.468Z"}}, {"model": "librarian.loginhistory", "pk": 45, "fields": {"librarian": 1, "date_login": "2024-07-04T09:36:28.341Z"}}, {"model": "librarian.loginhistory", "pk": 46, "fields": {"librarian": 4, "date_login": "2024-07-04T09:37:36.547Z"}}, {"model": "librarian.loginhistory", "pk": 48, "fields": {"librarian": 1, "date_login": "2024-07-04T09:40:17.136Z"}}, {"model": "librarian.loginhistory", "pk": 49, "fields": {"librarian": 4, "date_login": "2024-07-04T09:40:23.510Z"}}, {"model": "librarian.loginhistory", "pk": 51, "fields": {"librarian": 4, "date_login": "2024-07-04T09:42:38.941Z"}}, {"model": "librarian.loginhistory", "pk": 52, "fields": {"librarian": 1, "date_login": "2024-07-04T09:43:54.805Z"}}, {"model": "librarian.loginhistory", "pk": 53, "fields": {"librarian": 1, "date_login": "2024-07-04T09:44:17.684Z"}}, {"model": "librarian.loginhistory", "pk": 54, "fields": {"librarian": 4, "date_login": "2024-07-04T09:44:26.512Z"}}, {"model": "librarian.loginhistory", "pk": 55, "fields": {"librarian": 1, "date_login": "2024-07-04T09:51:52.805Z"}}, {"model": "librarian.loginhistory", "pk": 56, "fields": {"librarian": 1, "date_login": "2024-07-04T09:59:02.623Z"}}, {"model": "librarian.loginhistory", "pk": 57, "fields": {"librarian": 1, "date_login": "2024-07-04T09:59:40.764Z"}}, {"model": "librarian.loginhistory", "pk": 58, "fields": {"librarian": 1, "date_login": "2024-07-04T10:00:13.846Z"}}, {"model": "librarian.loginhistory", "pk": 59, "fields": {"librarian": 1, "date_login": "2024-07-04T10:06:32.239Z"}}, {"model": "librarian.loginhistory", "pk": 60, "fields": {"librarian": 4, "date_login": "2024-07-04T10:06:52.439Z"}}, {"model": "librarian.loginhistory", "pk": 61, "fields": {"librarian": 1, "date_login": "2024-07-04T10:28:19.130Z"}}, {"model": "librarian.loginhistory", "pk": 62, "fields": {"librarian": 4, "date_login": "2024-07-04T10:28:47.190Z"}}, {"model": "librarian.loginhistory", "pk": 64, "fields": {"librarian": 4, "date_login": "2024-07-04T10:59:14.795Z"}}, {"model": "librarian.loginhistory", "pk": 65, "fields": {"librarian": 6, "date_login": "2024-07-05T04:41:00.172Z"}}, {"model": "librarian.loginhistory", "pk": 66, "fields": {"librarian": 1, "date_login": "2024-07-05T07:22:45.249Z"}}, {"model": "librarian.loginhistory", "pk": 67, "fields": {"librarian": 1, "date_login": "2024-07-05T09:56:51.559Z"}}]
